-- Sesong
INSERT INTO sesong (sesongId, navn, aar)
VALUES (1, "vinter/vår", 2024);

-- Saler
INSERT INTO sal (salId, navn, antallPlasser)
VALUES (1, 'Gamle Scene', 332),
(2, 'Hovedscenen', 516),
(3, 'Studioscenen', 150),
(4, 'Teaterkjelleren', 60),
(5, 'Teaterkafeen', 100);

-- Stykker
INSERT INTO stykke (stykkeId, tittel, sesongId, salId, forfatter)
VALUES (1, 'Kongsemnene', 1, 2, 'Henrik Ibsen'),
(2, 'Størst av alt er kjærligheten', 1, 1, 'Jonas Corell Petersen');

-- Forestillinger
INSERT INTO forestilling (forestillingsId, dato, tidspunkt, stykkeId)
VALUES (1, '2024-02-01', '19:00', 1),
(2, '2024-02-02', '19:00', 1),
(3, '2024-02-03', '19:00', 1),
(4, '2024-02-05', '19:00', 1),
(5, '2024-02-06', '19:00', 1),
(6, '2024-02-03', '18:30', 2),
(7, '2024-02-06', '18:30', 2),
(8, '2024-02-07', '18:30', 2),
(9, '2024-02-12', '18:30', 2),
(10, '2024-02-13', '18:30', 2),
(11, '2024-02-14', '18:30', 2);

-- Billettyper
INSERT INTO billettype (type, stykkeId, pris)
VALUES ('ordinær', 1, 450),
('honnør', 1, 380),
('student', 1, 380),
('gruppe', 1, 280),
('gruppe 10', 1, 420),
('gruppe honnør 10', 1, 380),
('ordinær', 2, 350),
('honnør', 2, 300),
('student', 2, 220),
('gruppe', 2, 220),
('gruppe 10', 2, 320),
('gruppe honnør 10', 2, 270);

-- Standardbruker
INSERT INTO kundeProfil (tlfNr, navn, adresse)
VALUES (99999999, 'standard', 'standard');

-- Akter
INSERT INTO akt (nr, stykkeId, tittel)
VALUES (1, 2, NULL),
(1, 1, 'Første akt'),
(2, 1, 'Andre akt'),
(3, 1, 'Tredje akt'),
(4, 1, 'Fjerde akt'),
(5, 1, 'Femte akt');

-- Roller
-- Kongsemnene
INSERT INTO rolle (rolleId, navn)
VALUES (1, 'Håkon Håkonson'),
(2, 'Dagfinn Bonde'),
(3, 'Jatgeir Skald'),
(4, 'Sigrid'),
(5, 'Ingeborg'),
(6, 'Baard Bratte'),
(7, 'Skule Jarl'),
(8, 'Inga frå Varteig'),
(9, 'Paal Flida'),
(10, 'Ragnhild'),
(11, 'Gregorius Jonsson'),
(12, 'Margrete'),
(13, 'Biskop Nikolas'),
(14, 'Peter');
--(22, 'Test'); --Test

INSERT INTO opptrerI (nr, stykkeId, rolleId)
VALUES (1, 1, 1),
(2, 1, 1),
(3, 1, 1),
(4, 1, 1),
(5, 1, 1),
(1, 1, 2),
(2, 1, 2),
(3, 1, 2),
(4, 1, 2),
(5, 1, 2),
(4, 1, 3),
(1, 1, 4),
(2, 1, 4),
(5, 1, 4),
(4, 1, 5),
(1, 1, 6), --Antar at Baard opptrer i samme akt som Guttom gjorde
(1, 1, 7),
(2, 1, 7),
(3, 1, 7),
(4, 1, 7),
(5, 1, 7),
(1, 1, 8),
(3, 1, 8),
(1, 1, 9),
(2, 1, 9),
(3, 1, 9),
(4, 1, 9),
(5, 1, 9),
(1, 1, 10),
(5, 1, 10),
(1, 1, 11),
(2, 1, 11),
(3, 1, 11),
(4, 1, 11),
(5, 1, 11),
(1, 1, 12),
(2, 1, 12),
(3, 1, 12),
(4, 1, 12),
(5, 1, 12),
(1, 1, 13),
(2, 1, 13),
(3, 1, 13),
(3, 1, 14),
(4, 1, 14),
(5, 1, 14);
--(5, 1, 22); --Test

-- Størst av alt er kjærligheten
INSERT INTO rolle (rolleId, navn)
VALUES (15, 'Sunniva Du Mond Nordal'),
(16, 'Jo Saberniak'),
(17, 'Marte M. Steinholt'),
(18, 'Tor Ivar Hagen'),
(19, 'Trond-Ove Skrødal'),
(20, 'Natalie Grøndahl Tangen'),
(21, 'Åsmund Flaten');

INSERT INTO opptrerI (nr, stykkeId, rolleId)
VALUES (1, 2, 15),
(1, 2, 16),
(1, 2, 17),
(1, 2, 18),
(1, 2, 19),
(1, 2, 20),
(1, 2, 21);

-- Ansatte
INSERT INTO ansatt (ansattId, navn, epost, ansattStatus, erDirektør)
VALUES (1, 'Arturo Scotti', NULL, 'Ansatt', 0),
(2, 'Ingunn Beate Strige Øyen', NULL, 'Ansatt', 0),
(3, 'Hans Petter Nilsen', NULL, 'Ansatt', 0),
(4, 'Madeleine Brandtzæg Nilsen', NULL, 'Ansatt', 0),
(5, 'Synnøve Fossum Eriksen', NULL, 'Ansatt', 0),
(6, 'Emma Caroline Deichmann', NULL, 'Ansatt', 0),
(7, 'Thomas Jensen Takyi', NULL, 'Ansatt', 0),
(8, 'Per Bogstad Gulliksen', NULL, 'Ansatt', 0),
(9, 'Isak Holmen Sørensen', NULL, 'Ansatt', 0),
(10, 'Fabian Heidelberg Lunde', NULL, 'Ansatt', 0),
(11, 'Emil Olafsson', NULL, 'Ansatt', 0),
(12, 'Snorre Ryen Tøndel', NULL, 'Ansatt', 0),
(13, 'Yury Butusov', NULL, 'Ansatt', 0),
(14, 'Aleksandr Shishkin-Hokusai', NULL, 'Ansatt', 0),
(15, 'Eivind Myren', NULL, 'Ansatt', 0),
(16, 'Mina Rype Stokke', NULL, 'Ansatt', 0),
(17, 'Randi Andersen Gafseth', NULL, 'Ansatt', 0),
(18, 'Emily F. Luthentun', NULL, 'Ansatt', 0),
(19, 'Ann Eli Aasgård', NULL, 'Ansatt', 0),
(20, 'Marianne Aunvik', NULL, 'Ansatt', 0),
(21, 'Martin Didrichsen', NULL, 'Ansatt', 0),
(22, 'Are Skarra Kvitnes', NULL, 'Ansatt', 0),
(23, 'Roger Indgul', NULL, 'Ansatt', 0),
(24, 'Anders Schille', NULL, 'Ansatt', 0),
(25, 'Oliver Løding og Harald Soltvedt', NULL, 'Ansatt', 0),
(26, 'Karl-Martin Hoddevik', NULL, 'Ansatt', 0),
(27, 'Geir Dyrdal', NULL, 'Ansatt', 0),
(28, 'Trine Bjørhusdal', NULL, 'Ansatt', 0),
(29, 'Renee Desmond', NULL, 'Ansatt', 0),
(30, 'Charlotta Winger', NULL, 'Ansatt', 0),
(31, 'Egil Buseth', NULL, 'Ansatt', 0),
(32, 'Per Arne Johansen', NULL, 'Ansatt', 0),
(33, 'Toril Skipnes', NULL, 'Ansatt', 0),
(34, 'Anita Gundersen', NULL, 'Ansatt', 0),
(35, 'Sunniva Du Mond Nordal', NULL, 'Ansatt', 0),
(36, 'Jo Saberniak', NULL, 'Ansatt', 0),
(37, 'Marte M. Steinholt', NULL, 'Ansatt', 0),
(38, 'Tor Ivar Hagen', NULL, 'Ansatt', 0),
(39, 'Trond-Ove Skrødal', NULL, 'Ansatt', 0),
(40, 'Natalie Grøndahl Tangen', NULL, 'Ansatt', 0),
(41, 'Åsmund Flaten', NULL, 'Ansatt', 0),
(42, 'Jonas Corell Petersen', NULL, 'Ansatt', 0),
(43, 'David Gehrt', NULL, 'Ansatt', 0),
(44, 'Gaute Tønder', NULL, 'Ansatt', 0),
(45, 'Magnus Mikaelsen', NULL, 'Ansatt', 0),
(46, 'Kristoffer Spender', NULL, 'Ansatt', 0),
(47, 'Line Åmli', NULL, 'Ansatt', 0),
(48, 'Lars Magnus Krogh Utne', NULL, 'Ansatt', 0),
(49, 'Livinger Ferner Diesen', NULL, 'Ansatt', 0),
(50, 'Espen Høyem', NULL, 'Ansatt', 0),
(51, 'Kjersti Eckhoff', NULL, 'Ansatt', 0),
(52, 'Ida Marie Brønstad', NULL, 'Ansatt', 0),
(53, 'Jan Magne Høynes', NULL, 'Ansatt', 0),
(54, 'Siril Gaare', NULL, 'Ansatt', 0),
(55, 'Stein Jørgen Øien', NULL, 'Ansatt', 0),
(56, 'Steffen Telstad', NULL, 'Ansatt', 0),
(57, 'Erik Chan', NULL, 'Ansatt', 0),
(58, 'Olav Rui', NULL, 'Ansatt', 0);
--(59, 'Test Testesen', NULL, 'Ansatt', 0); --Test

-- Skuespillere
INSERT INTO spiller (ansattId, rolleId)
VALUES (1, 1),
(2, 8),
(3, 7),
(4, 10),
(5, 12),
(6, 4),
(6, 5),
(7, 13),
(8, 11),
(9, 9),
(10, 6),
(11, 3),
(11, 2),
(12, 14),
(35, 15),
(36, 16),
(37, 17),
(38, 18),
(39, 19),
(40, 20),
(41, 21);
--(59, 22); --Test

-- Seter gamle scene 
INSERT INTO sete (seteNr, radNr, omraade, salId)
VALUES (1, 1, 'parkett', 1),
(2, 1, 'parkett', 1),
(3, 1, 'parkett', 1),
(4, 1, 'parkett', 1),
(5, 1, 'parkett', 1),
(6, 1, 'parkett', 1),
(7, 1, 'parkett', 1),
(8, 1, 'parkett', 1),
(9, 1, 'parkett', 1),
(10, 1, 'parkett', 1),
(11, 1, 'parkett', 1),
(12, 1, 'parkett', 1),
(13, 1, 'parkett', 1),
(14, 1, 'parkett', 1),
(15, 1, 'parkett', 1),
(16, 1, 'parkett', 1),
(17, 1, 'parkett', 1),
(18, 1, 'parkett', 1),
(1, 2, 'parkett', 1),
(2, 2, 'parkett', 1),
(3, 2, 'parkett', 1),
(4, 2, 'parkett', 1),
(5, 2, 'parkett', 1),
(6, 2, 'parkett', 1),
(7, 2, 'parkett', 1),
(8, 2, 'parkett', 1),
(9, 2, 'parkett', 1),
(10, 2, 'parkett', 1),
(11, 2, 'parkett', 1),
(12, 2, 'parkett', 1),
(13, 2, 'parkett', 1),
(14, 2, 'parkett', 1),
(15, 2, 'parkett', 1),
(16, 2, 'parkett', 1),
(1, 3, 'parkett', 1),
(2, 3, 'parkett', 1),
(3, 3, 'parkett', 1),
(4, 3, 'parkett', 1),
(5, 3, 'parkett', 1),
(6, 3, 'parkett', 1),
(7, 3, 'parkett', 1),
(8, 3, 'parkett', 1),
(9, 3, 'parkett', 1),
(10, 3, 'parkett', 1),
(11, 3, 'parkett', 1),
(12, 3, 'parkett', 1),
(13, 3, 'parkett', 1),
(14, 3, 'parkett', 1),
(15, 3, 'parkett', 1),
(16, 3, 'parkett', 1),
(17, 3, 'parkett', 1),
(1, 4, 'parkett', 1),
(2, 4, 'parkett', 1),
(3, 4, 'parkett', 1),
(4, 4, 'parkett', 1),
(5, 4, 'parkett', 1),
(6, 4, 'parkett', 1),
(7, 4, 'parkett', 1),
(8, 4, 'parkett', 1),
(9, 4, 'parkett', 1),
(10, 4, 'parkett', 1),
(11, 4, 'parkett', 1),
(12, 4, 'parkett', 1),
(13, 4, 'parkett', 1),
(14, 4, 'parkett', 1),
(15, 4, 'parkett', 1),
(16, 4, 'parkett', 1),
(17, 4, 'parkett', 1),
(18, 4, 'parkett', 1),
(1, 5, 'parkett', 1),
(2, 5, 'parkett', 1),
(3, 5, 'parkett', 1),
(4, 5, 'parkett', 1),
(5, 5, 'parkett', 1),
(6, 5, 'parkett', 1),
(7, 5, 'parkett', 1),
(8, 5, 'parkett', 1),
(9, 5, 'parkett', 1),
(10, 5, 'parkett', 1),
(11, 5, 'parkett', 1),
(12, 5, 'parkett', 1),
(13, 5, 'parkett', 1),
(14, 5, 'parkett', 1),
(15, 5, 'parkett', 1),
(16, 5, 'parkett', 1),
(17, 5, 'parkett', 1),
(18, 5, 'parkett', 1),
(1, 6, 'parkett', 1),
(2, 6, 'parkett', 1),
(3, 6, 'parkett', 1),
(4, 6, 'parkett', 1),
(5, 6, 'parkett', 1),
(6, 6, 'parkett', 1),
(7, 6, 'parkett', 1),
(8, 6, 'parkett', 1),
(9, 6, 'parkett', 1),
(10, 6, 'parkett', 1),
(11, 6, 'parkett', 1),
(12, 6, 'parkett', 1),
(13, 6, 'parkett', 1),
(14, 6, 'parkett', 1),
(15, 6, 'parkett', 1),
(16, 6, 'parkett', 1),
(17, 6, 'parkett', 1),
(1, 7, 'parkett', 1),
(2, 7, 'parkett', 1),
(3, 7, 'parkett', 1),
(4, 7, 'parkett', 1),
(5, 7, 'parkett', 1),
(6, 7, 'parkett', 1),
(7, 7, 'parkett', 1),
(8, 7, 'parkett', 1),
(9, 7, 'parkett', 1),
(10, 7, 'parkett', 1),
(11, 7, 'parkett', 1),
(12, 7, 'parkett', 1),
(13, 7, 'parkett', 1),
(14, 7, 'parkett', 1),
(15, 7, 'parkett', 1),
(16, 7, 'parkett', 1),
(17, 7, 'parkett', 1),
(18, 7, 'parkett', 1),
(1, 8, 'parkett', 1),
(2, 8, 'parkett', 1),
(3, 8, 'parkett', 1),
(4, 8, 'parkett', 1),
(5, 8, 'parkett', 1),
(6, 8, 'parkett', 1),
(7, 8, 'parkett', 1),
(8, 8, 'parkett', 1),
(9, 8, 'parkett', 1),
(10, 8, 'parkett', 1),
(11, 8, 'parkett', 1),
(12, 8, 'parkett', 1),
(13, 8, 'parkett', 1),
(14, 8, 'parkett', 1),
(15, 8, 'parkett', 1),
(16, 8, 'parkett', 1),
(17, 8, 'parkett', 1),
(1, 9, 'parkett', 1),
(2, 9, 'parkett', 1),
(3, 9, 'parkett', 1),
(4, 9, 'parkett', 1),
(5, 9, 'parkett', 1),
(6, 9, 'parkett', 1),
(7, 9, 'parkett', 1),
(8, 9, 'parkett', 1),
(9, 9, 'parkett', 1),
(10, 9, 'parkett', 1),
(11, 9, 'parkett', 1),
(12, 9, 'parkett', 1),
(13, 9, 'parkett', 1),
(14, 9, 'parkett', 1),
(15, 9, 'parkett', 1),
(16, 9, 'parkett', 1),
(17, 9, 'parkett', 1),
(1, 10, 'parkett', 1),
(2, 10, 'parkett', 1),
(3, 10, 'parkett', 1),
(4, 10, 'parkett', 1),
(5, 10, 'parkett', 1),
(6, 10, 'parkett', 1),
(7, 10, 'parkett', 1),
(8, 10, 'parkett', 1),
(9, 10, 'parkett', 1),
(10, 10, 'parkett', 1),
(11, 10, 'parkett', 1),
(12, 10, 'parkett', 1),
(13, 10, 'parkett', 1),
(14, 10, 'parkett', 1),
(1, 1, 'balkong', 1),
(2, 1, 'balkong', 1),
(3, 1, 'balkong', 1),
(4, 1, 'balkong', 1),
(5, 1, 'balkong', 1),
(6, 1, 'balkong', 1),
(7, 1, 'balkong', 1),
(8, 1, 'balkong', 1),
(9, 1, 'balkong', 1),
(10, 1, 'balkong', 1),
(11, 1, 'balkong', 1),
(12, 1, 'balkong', 1),
(13, 1, 'balkong', 1),
(14, 1, 'balkong', 1),
(15, 1, 'balkong', 1),
(16, 1, 'balkong', 1),
(17, 1, 'balkong', 1),
(18, 1, 'balkong', 1),
(19, 1, 'balkong', 1),
(20, 1, 'balkong', 1),
(21, 1, 'balkong', 1),
(22, 1, 'balkong', 1),
(23, 1, 'balkong', 1),
(24, 1, 'balkong', 1),
(25, 1, 'balkong', 1),
(26, 1, 'balkong', 1),
(27, 1, 'balkong', 1),
(28, 1, 'balkong', 1),
(1, 2, 'balkong', 1),
(2, 2, 'balkong', 1),
(3, 2, 'balkong', 1),
(4, 2, 'balkong', 1),
(5, 2, 'balkong', 1),
(6, 2, 'balkong', 1),
(7, 2, 'balkong', 1),
(8, 2, 'balkong', 1),
(9, 2, 'balkong', 1),
(10, 2, 'balkong', 1),
(11, 2, 'balkong', 1),
(12, 2, 'balkong', 1),
(13, 2, 'balkong', 1),
(14, 2, 'balkong', 1),
(15, 2, 'balkong', 1),
(16, 2, 'balkong', 1),
(17, 2, 'balkong', 1),
(18, 2, 'balkong', 1),
(19, 2, 'balkong', 1),
(20, 2, 'balkong', 1),
(21, 2, 'balkong', 1),
(22, 2, 'balkong', 1),
(23, 2, 'balkong', 1),
(24, 2, 'balkong', 1),
(25, 2, 'balkong', 1),
(26, 2, 'balkong', 1),
(27, 2, 'balkong', 1),
(1, 3, 'balkong', 1),
(2, 3, 'balkong', 1),
(3, 3, 'balkong', 1),
(4, 3, 'balkong', 1),
(5, 3, 'balkong', 1),
(6, 3, 'balkong', 1),
(7, 3, 'balkong', 1),
(8, 3, 'balkong', 1),
(9, 3, 'balkong', 1),
(10, 3, 'balkong', 1),
(11, 3, 'balkong', 1),
(12, 3, 'balkong', 1),
(13, 3, 'balkong', 1),
(14, 3, 'balkong', 1),
(15, 3, 'balkong', 1),
(16, 3, 'balkong', 1),
(17, 3, 'balkong', 1),
(18, 3, 'balkong', 1),
(19, 3, 'balkong', 1),
(20, 3, 'balkong', 1),
(21, 3, 'balkong', 1),
(22, 3, 'balkong', 1),
(1, 4, 'balkong', 1),
(2, 4, 'balkong', 1),
(3, 4, 'balkong', 1),
(4, 4, 'balkong', 1),
(5, 4, 'balkong', 1),
(6, 4, 'balkong', 1),
(7, 4, 'balkong', 1),
(8, 4, 'balkong', 1),
(9, 4, 'balkong', 1),
(10, 4, 'balkong', 1),
(11, 4, 'balkong', 1),
(12, 4, 'balkong', 1),
(13, 4, 'balkong', 1),
(14, 4, 'balkong', 1),
(15, 4, 'balkong', 1),
(16, 4, 'balkong', 1),
(17, 4, 'balkong', 1),
(1, 1, 'galleri', 1),
(2, 1, 'galleri', 1),
(3, 1, 'galleri', 1),
(4, 1, 'galleri', 1),
(5, 1, 'galleri', 1),
(6, 1, 'galleri', 1),
(7, 1, 'galleri', 1),
(8, 1, 'galleri', 1),
(9, 1, 'galleri', 1),
(10, 1, 'galleri', 1),
(11, 1, 'galleri', 1),
(12, 1, 'galleri', 1),
(13, 1, 'galleri', 1),
(14, 1, 'galleri', 1),
(15, 1, 'galleri', 1),
(16, 1, 'galleri', 1),
(17, 1, 'galleri', 1),
(18, 1, 'galleri', 1),
(19, 1, 'galleri', 1),
(20, 1, 'galleri', 1),
(21, 1, 'galleri', 1),
(22, 1, 'galleri', 1),
(23, 1, 'galleri', 1),
(24, 1, 'galleri', 1),
(25, 1, 'galleri', 1),
(26, 1, 'galleri', 1),
(27, 1, 'galleri', 1),
(28, 1, 'galleri', 1),
(29, 1, 'galleri', 1),
(30, 1, 'galleri', 1),
(31, 1, 'galleri', 1),
(32, 1, 'galleri', 1),
(33, 1, 'galleri', 1),
(1, 2, 'galleri', 1),
(2, 2, 'galleri', 1),
(3, 2, 'galleri', 1),
(4, 2, 'galleri', 1),
(5, 2, 'galleri', 1),
(6, 2, 'galleri', 1),
(7, 2, 'galleri', 1),
(8, 2, 'galleri', 1),
(9, 2, 'galleri', 1),
(10, 2, 'galleri', 1),
(11, 2, 'galleri', 1),
(12, 2, 'galleri', 1),
(13, 2, 'galleri', 1),
(14, 2, 'galleri', 1),
(15, 2, 'galleri', 1),
(16, 2, 'galleri', 1),
(17, 2, 'galleri', 1),
(18, 2, 'galleri', 1),
(1, 3, 'galleri', 1),
(2, 3, 'galleri', 1),
(3, 3, 'galleri', 1),
(4, 3, 'galleri', 1),
(5, 3, 'galleri', 1),
(6, 3, 'galleri', 1),
(7, 3, 'galleri', 1),
(8, 3, 'galleri', 1),
(9, 3, 'galleri', 1),
(10, 3, 'galleri', 1),
(11, 3, 'galleri', 1),
(12, 3, 'galleri', 1),
(13, 3, 'galleri', 1),
(14, 3, 'galleri', 1),
(15, 3, 'galleri', 1),
(16, 3, 'galleri', 1),
(17, 3, 'galleri', 1);

-- Seter hovedscenen
INSERT INTO Sete (seteNr, radNr, omraade, salId)
VALUES (1, 1, 'parkett', 2),
(2, 1, 'parkett', 2),
(3, 1, 'parkett', 2),
(4, 1, 'parkett', 2),
(5, 1, 'parkett', 2),
(6, 1, 'parkett', 2),
(7, 1, 'parkett', 2),
(8, 1, 'parkett', 2),
(9, 1, 'parkett', 2),
(10, 1, 'parkett', 2),
(11, 1, 'parkett', 2),
(12, 1, 'parkett', 2),
(13, 1, 'parkett', 2),
(14, 1, 'parkett', 2),
(15, 1, 'parkett', 2),
(16, 1, 'parkett', 2),
(17, 1, 'parkett', 2),
(18, 1, 'parkett', 2),
(19, 1, 'parkett', 2),
(20, 1, 'parkett', 2),
(21, 1, 'parkett', 2),
(22, 1, 'parkett', 2),
(23, 1, 'parkett', 2),
(24, 1, 'parkett', 2),
(25, 1, 'parkett', 2),
(26, 1, 'parkett', 2),
(27, 1, 'parkett', 2),
(28, 1, 'parkett', 2),
(29, 2, 'parkett', 2),
(30, 2, 'parkett', 2),
(31, 2, 'parkett', 2),
(32, 2, 'parkett', 2),
(33, 2, 'parkett', 2),
(34, 2, 'parkett', 2),
(35, 2, 'parkett', 2),
(36, 2, 'parkett', 2),
(37, 2, 'parkett', 2),
(38, 2, 'parkett', 2),
(39, 2, 'parkett', 2),
(40, 2, 'parkett', 2),
(41, 2, 'parkett', 2),
(42, 2, 'parkett', 2),
(43, 2, 'parkett', 2),
(44, 2, 'parkett', 2),
(45, 2, 'parkett', 2),
(46, 2, 'parkett', 2),
(47, 2, 'parkett', 2),
(48, 2, 'parkett', 2),
(49, 2, 'parkett', 2),
(50, 2, 'parkett', 2),
(51, 2, 'parkett', 2),
(52, 2, 'parkett', 2),
(53, 2, 'parkett', 2),
(54, 2, 'parkett', 2),
(55, 2, 'parkett', 2),
(56, 2, 'parkett', 2),
(57, 3, 'parkett', 2),
(58, 3, 'parkett', 2),
(59, 3, 'parkett', 2),
(60, 3, 'parkett', 2),
(61, 3, 'parkett', 2),
(62, 3, 'parkett', 2),
(63, 3, 'parkett', 2),
(64, 3, 'parkett', 2),
(65, 3, 'parkett', 2),
(66, 3, 'parkett', 2),
(67, 3, 'parkett', 2),
(68, 3, 'parkett', 2),
(69, 3, 'parkett', 2),
(70, 3, 'parkett', 2),
(71, 3, 'parkett', 2),
(72, 3, 'parkett', 2),
(73, 3, 'parkett', 2),
(74, 3, 'parkett', 2),
(75, 3, 'parkett', 2),
(76, 3, 'parkett', 2),
(77, 3, 'parkett', 2),
(78, 3, 'parkett', 2),
(79, 3, 'parkett', 2),
(80, 3, 'parkett', 2),
(81, 3, 'parkett', 2),
(82, 3, 'parkett', 2),
(83, 3, 'parkett', 2),
(84, 3, 'parkett', 2),
(85, 4, 'parkett', 2),
(86, 4, 'parkett', 2),
(87, 4, 'parkett', 2),
(88, 4, 'parkett', 2),
(89, 4, 'parkett', 2),
(90, 4, 'parkett', 2),
(91, 4, 'parkett', 2),
(92, 4, 'parkett', 2),
(93, 4, 'parkett', 2),
(94, 4, 'parkett', 2),
(95, 4, 'parkett', 2),
(96, 4, 'parkett', 2),
(97, 4, 'parkett', 2),
(98, 4, 'parkett', 2),
(99, 4, 'parkett', 2),
(100, 4, 'parkett', 2),
(101, 4, 'parkett', 2),
(102, 4, 'parkett', 2),
(103, 4, 'parkett', 2),
(104, 4, 'parkett', 2),
(105, 4, 'parkett', 2),
(106, 4, 'parkett', 2),
(107, 4, 'parkett', 2),
(108, 4, 'parkett', 2),
(109, 4, 'parkett', 2),
(110, 4, 'parkett', 2),
(111, 4, 'parkett', 2),
(112, 4, 'parkett', 2),
(113, 5, 'parkett', 2),
(114, 5, 'parkett', 2),
(115, 5, 'parkett', 2),
(116, 5, 'parkett', 2),
(117, 5, 'parkett', 2),
(118, 5, 'parkett', 2),
(119, 5, 'parkett', 2),
(120, 5, 'parkett', 2),
(121, 5, 'parkett', 2),
(122, 5, 'parkett', 2),
(123, 5, 'parkett', 2),
(124, 5, 'parkett', 2),
(125, 5, 'parkett', 2),
(126, 5, 'parkett', 2),
(127, 5, 'parkett', 2),
(128, 5, 'parkett', 2),
(129, 5, 'parkett', 2),
(130, 5, 'parkett', 2),
(131, 5, 'parkett', 2),
(132, 5, 'parkett', 2),
(133, 5, 'parkett', 2),
(134, 5, 'parkett', 2),
(135, 5, 'parkett', 2),
(136, 5, 'parkett', 2),
(137, 5, 'parkett', 2),
(138, 5, 'parkett', 2),
(139, 5, 'parkett', 2),
(140, 5, 'parkett', 2),
(141, 6, 'parkett', 2),
(142, 6, 'parkett', 2),
(143, 6, 'parkett', 2),
(144, 6, 'parkett', 2),
(145, 6, 'parkett', 2),
(146, 6, 'parkett', 2),
(147, 6, 'parkett', 2),
(148, 6, 'parkett', 2),
(149, 6, 'parkett', 2),
(150, 6, 'parkett', 2),
(151, 6, 'parkett', 2),
(152, 6, 'parkett', 2),
(153, 6, 'parkett', 2),
(154, 6, 'parkett', 2),
(155, 6, 'parkett', 2),
(156, 6, 'parkett', 2),
(157, 6, 'parkett', 2),
(158, 6, 'parkett', 2),
(159, 6, 'parkett', 2),
(160, 6, 'parkett', 2),
(161, 6, 'parkett', 2),
(162, 6, 'parkett', 2),
(163, 6, 'parkett', 2),
(164, 6, 'parkett', 2),
(165, 6, 'parkett', 2),
(166, 6, 'parkett', 2),
(167, 6, 'parkett', 2),
(168, 6, 'parkett', 2),
(169, 7, 'parkett', 2),
(170, 7, 'parkett', 2),
(171, 7, 'parkett', 2),
(172, 7, 'parkett', 2),
(173, 7, 'parkett', 2),
(174, 7, 'parkett', 2),
(175, 7, 'parkett', 2),
(176, 7, 'parkett', 2),
(177, 7, 'parkett', 2),
(178, 7, 'parkett', 2),
(179, 7, 'parkett', 2),
(180, 7, 'parkett', 2),
(181, 7, 'parkett', 2),
(182, 7, 'parkett', 2),
(183, 7, 'parkett', 2),
(184, 7, 'parkett', 2),
(185, 7, 'parkett', 2),
(186, 7, 'parkett', 2),
(187, 7, 'parkett', 2),
(188, 7, 'parkett', 2),
(189, 7, 'parkett', 2),
(190, 7, 'parkett', 2),
(191, 7, 'parkett', 2),
(192, 7, 'parkett', 2),
(193, 7, 'parkett', 2),
(194, 7, 'parkett', 2),
(195, 7, 'parkett', 2),
(196, 7, 'parkett', 2),
(197, 8, 'parkett', 2),
(198, 8, 'parkett', 2),
(199, 8, 'parkett', 2),
(200, 8, 'parkett', 2),
(201, 8, 'parkett', 2),
(202, 8, 'parkett', 2),
(203, 8, 'parkett', 2),
(204, 8, 'parkett', 2),
(205, 8, 'parkett', 2),
(206, 8, 'parkett', 2),
(207, 8, 'parkett', 2),
(208, 8, 'parkett', 2),
(209, 8, 'parkett', 2),
(210, 8, 'parkett', 2),
(211, 8, 'parkett', 2),
(212, 8, 'parkett', 2),
(213, 8, 'parkett', 2),
(214, 8, 'parkett', 2),
(215, 8, 'parkett', 2),
(216, 8, 'parkett', 2),
(217, 8, 'parkett', 2),
(218, 8, 'parkett', 2),
(219, 8, 'parkett', 2),
(220, 8, 'parkett', 2),
(221, 8, 'parkett', 2),
(222, 8, 'parkett', 2),
(223, 8, 'parkett', 2),
(224, 8, 'parkett', 2),
(225, 9, 'parkett', 2),
(226, 9, 'parkett', 2),
(227, 9, 'parkett', 2),
(228, 9, 'parkett', 2),
(229, 9, 'parkett', 2),
(230, 9, 'parkett', 2),
(231, 9, 'parkett', 2),
(232, 9, 'parkett', 2),
(233, 9, 'parkett', 2),
(234, 9, 'parkett', 2),
(235, 9, 'parkett', 2),
(236, 9, 'parkett', 2),
(237, 9, 'parkett', 2),
(238, 9, 'parkett', 2),
(239, 9, 'parkett', 2),
(240, 9, 'parkett', 2),
(241, 9, 'parkett', 2),
(242, 9, 'parkett', 2),
(243, 9, 'parkett', 2),
(244, 9, 'parkett', 2),
(245, 9, 'parkett', 2),
(246, 9, 'parkett', 2),
(247, 9, 'parkett', 2),
(248, 9, 'parkett', 2),
(249, 9, 'parkett', 2),
(250, 9, 'parkett', 2),
(251, 9, 'parkett', 2),
(252, 9, 'parkett', 2),
(253, 10, 'parkett', 2),
(254, 10, 'parkett', 2),
(255, 10, 'parkett', 2),
(256, 10, 'parkett', 2),
(257, 10, 'parkett', 2),
(258, 10, 'parkett', 2),
(259, 10, 'parkett', 2),
(260, 10, 'parkett', 2),
(261, 10, 'parkett', 2),
(262, 10, 'parkett', 2),
(263, 10, 'parkett', 2),
(264, 10, 'parkett', 2),
(265, 10, 'parkett', 2),
(266, 10, 'parkett', 2),
(267, 10, 'parkett', 2),
(268, 10, 'parkett', 2),
(269, 10, 'parkett', 2),
(270, 10, 'parkett', 2),
(271, 10, 'parkett', 2),
(272, 10, 'parkett', 2),
(273, 10, 'parkett', 2),
(274, 10, 'parkett', 2),
(275, 10, 'parkett', 2),
(276, 10, 'parkett', 2),
(277, 10, 'parkett', 2),
(278, 10, 'parkett', 2),
(279, 10, 'parkett', 2),
(280, 10, 'parkett', 2),
(281, 11, 'parkett', 2),
(282, 11, 'parkett', 2),
(283, 11, 'parkett', 2),
(284, 11, 'parkett', 2),
(285, 11, 'parkett', 2),
(286, 11, 'parkett', 2),
(287, 11, 'parkett', 2),
(288, 11, 'parkett', 2),
(289, 11, 'parkett', 2),
(290, 11, 'parkett', 2),
(291, 11, 'parkett', 2),
(292, 11, 'parkett', 2),
(293, 11, 'parkett', 2),
(294, 11, 'parkett', 2),
(295, 11, 'parkett', 2),
(296, 11, 'parkett', 2),
(297, 11, 'parkett', 2),
(298, 11, 'parkett', 2),
(299, 11, 'parkett', 2),
(300, 11, 'parkett', 2),
(301, 11, 'parkett', 2),
(302, 11, 'parkett', 2),
(303, 11, 'parkett', 2),
(304, 11, 'parkett', 2),
(305, 11, 'parkett', 2),
(306, 11, 'parkett', 2),
(307, 11, 'parkett', 2),
(308, 11, 'parkett', 2),
(309, 12, 'parkett', 2),
(310, 12, 'parkett', 2),
(311, 12, 'parkett', 2),
(312, 12, 'parkett', 2),
(313, 12, 'parkett', 2),
(314, 12, 'parkett', 2),
(315, 12, 'parkett', 2),
(316, 12, 'parkett', 2),
(317, 12, 'parkett', 2),
(318, 12, 'parkett', 2),
(319, 12, 'parkett', 2),
(320, 12, 'parkett', 2),
(321, 12, 'parkett', 2),
(322, 12, 'parkett', 2),
(323, 12, 'parkett', 2),
(324, 12, 'parkett', 2),
(325, 12, 'parkett', 2),
(326, 12, 'parkett', 2),
(327, 12, 'parkett', 2),
(328, 12, 'parkett', 2),
(329, 12, 'parkett', 2),
(330, 12, 'parkett', 2),
(331, 12, 'parkett', 2),
(332, 12, 'parkett', 2),
(333, 12, 'parkett', 2),
(334, 12, 'parkett', 2),
(335, 12, 'parkett', 2),
(336, 12, 'parkett', 2),
(337, 13, 'parkett', 2),
(338, 13, 'parkett', 2),
(339, 13, 'parkett', 2),
(340, 13, 'parkett', 2),
(341, 13, 'parkett', 2),
(342, 13, 'parkett', 2),
(343, 13, 'parkett', 2),
(344, 13, 'parkett', 2),
(345, 13, 'parkett', 2),
(346, 13, 'parkett', 2),
(347, 13, 'parkett', 2),
(348, 13, 'parkett', 2),
(349, 13, 'parkett', 2),
(350, 13, 'parkett', 2),
(351, 13, 'parkett', 2),
(352, 13, 'parkett', 2),
(353, 13, 'parkett', 2),
(354, 13, 'parkett', 2),
(355, 13, 'parkett', 2),
(356, 13, 'parkett', 2),
(357, 13, 'parkett', 2),
(358, 13, 'parkett', 2),
(359, 13, 'parkett', 2),
(360, 13, 'parkett', 2),
(361, 13, 'parkett', 2),
(362, 13, 'parkett', 2),
(363, 13, 'parkett', 2),
(364, 13, 'parkett', 2),
(365, 14, 'parkett', 2),
(366, 14, 'parkett', 2),
(367, 14, 'parkett', 2),
(368, 14, 'parkett', 2),
(369, 14, 'parkett', 2),
(370, 14, 'parkett', 2),
(371, 14, 'parkett', 2),
(372, 14, 'parkett', 2),
(373, 14, 'parkett', 2),
(374, 14, 'parkett', 2),
(375, 14, 'parkett', 2),
(376, 14, 'parkett', 2),
(377, 14, 'parkett', 2),
(378, 14, 'parkett', 2),
(379, 14, 'parkett', 2),
(380, 14, 'parkett', 2),
(381, 14, 'parkett', 2),
(382, 14, 'parkett', 2),
(383, 14, 'parkett', 2),
(384, 14, 'parkett', 2),
(385, 14, 'parkett', 2),
(386, 14, 'parkett', 2),
(387, 14, 'parkett', 2),
(388, 14, 'parkett', 2),
(389, 14, 'parkett', 2),
(390, 14, 'parkett', 2),
(391, 14, 'parkett', 2),
(392, 14, 'parkett', 2),
(393, 15, 'parkett', 2),
(394, 15, 'parkett', 2),
(395, 15, 'parkett', 2),
(396, 15, 'parkett', 2),
(397, 15, 'parkett', 2),
(398, 15, 'parkett', 2),
(399, 15, 'parkett', 2),
(400, 15, 'parkett', 2),
(401, 15, 'parkett', 2),
(402, 15, 'parkett', 2),
(403, 15, 'parkett', 2),
(404, 15, 'parkett', 2),
(405, 15, 'parkett', 2),
(406, 15, 'parkett', 2),
(407, 15, 'parkett', 2),
(408, 15, 'parkett', 2),
(409, 15, 'parkett', 2),
(410, 15, 'parkett', 2),
(411, 15, 'parkett', 2),
(412, 15, 'parkett', 2),
(413, 15, 'parkett', 2),
(414, 15, 'parkett', 2),
(415, 15, 'parkett', 2),
(416, 15, 'parkett', 2),
(417, 15, 'parkett', 2),
(418, 15, 'parkett', 2),
(419, 15, 'parkett', 2),
(420, 15, 'parkett', 2),
(421, 16, 'parkett', 2),
(422, 16, 'parkett', 2),
(423, 16, 'parkett', 2),
(424, 16, 'parkett', 2),
(425, 16, 'parkett', 2),
(426, 16, 'parkett', 2),
(427, 16, 'parkett', 2),
(428, 16, 'parkett', 2),
(429, 16, 'parkett', 2),
(430, 16, 'parkett', 2),
(431, 16, 'parkett', 2),
(432, 16, 'parkett', 2),
(433, 16, 'parkett', 2),
(434, 16, 'parkett', 2),
(435, 16, 'parkett', 2),
(436, 16, 'parkett', 2),
(437, 16, 'parkett', 2),
(438, 16, 'parkett', 2),
(439, 16, 'parkett', 2),
(440, 16, 'parkett', 2),
(441, 16, 'parkett', 2),
(442, 16, 'parkett', 2),
(443, 16, 'parkett', 2),
(444, 16, 'parkett', 2),
(445, 16, 'parkett', 2),
(446, 16, 'parkett', 2),
(447, 16, 'parkett', 2),
(448, 16, 'parkett', 2),
(449, 17, 'parkett', 2),
(450, 17, 'parkett', 2),
(451, 17, 'parkett', 2),
(452, 17, 'parkett', 2),
(453, 17, 'parkett', 2),
(454, 17, 'parkett', 2),
(455, 17, 'parkett', 2),
(456, 17, 'parkett', 2),
(457, 17, 'parkett', 2),
(458, 17, 'parkett', 2),
(459, 17, 'parkett', 2),
(460, 17, 'parkett', 2),
(461, 17, 'parkett', 2),
(462, 17, 'parkett', 2),
(463, 17, 'parkett', 2),
(464, 17, 'parkett', 2),
(465, 17, 'parkett', 2),
(466, 17, 'parkett', 2),
(471, 17, 'parkett', 2),
(472, 17, 'parkett', 2),
(473, 17, 'parkett', 2),
(474, 17, 'parkett', 2),
(475, 17, 'parkett', 2),
(476, 17, 'parkett', 2),
(477, 18, 'parkett', 2),
(478, 18, 'parkett', 2),
(479, 18, 'parkett', 2),
(480, 18, 'parkett', 2),
(481, 18, 'parkett', 2),
(482, 18, 'parkett', 2),
(483, 18, 'parkett', 2),
(484, 18, 'parkett', 2),
(485, 18, 'parkett', 2),
(486, 18, 'parkett', 2),
(487, 18, 'parkett', 2),
(488, 18, 'parkett', 2),
(489, 18, 'parkett', 2),
(490, 18, 'parkett', 2),
(491, 18, 'parkett', 2),
(492, 18, 'parkett', 2),
(493, 18, 'parkett', 2),
(494, 18, 'parkett', 2),
(499, 18, 'parkett', 2),
(500, 18, 'parkett', 2),
(501, 18, 'parkett', 2),
(502, 18, 'parkett', 2),
(503, 18, 'parkett', 2),
(504, 18, 'parkett', 2),
(505, NULL, 'galleri', 2),
(506, NULL, 'galleri', 2),
(507, NULL, 'galleri', 2),
(508, NULL, 'galleri', 2),
(509, NULL, 'galleri', 2),
(510, NULL, 'galleri', 2),
(511, NULL, 'galleri', 2),
(512, NULL, 'galleri', 2),
(513, NULL, 'galleri', 2),
(514, NULL, 'galleri', 2),
(515, NULL, 'galleri', 2),
(516, NULL, 'galleri', 2),
(517, NULL, 'galleri', 2),
(518, NULL, 'galleri', 2),
(519, NULL, 'galleri', 2),
(520, NULL, 'galleri', 2),
(521, NULL, 'galleri', 2),
(522, NULL, 'galleri', 2),
(523, NULL, 'galleri', 2),
(524, NULL, 'galleri', 2);
